Nama Obat,Kategori,Satuan Jual,Kemasan Pembelian,Isi Per Kemasan,Stok Minimum
ACIFAR CR,Obat Keras,Tube,TUBE,1,10 Tube
ALLOPURINOL 100MG IFI,Obat Keras,Tablet,BOX,100,200 Tablet
ALLOPURINOL 100MG NOVA,Obat Keras,Tablet,BOX,100,200 Tablet
ALOFAR 100MG,Obat Keras,Tablet,BOX,100,200 Tablet
ALPARA KAPLET,Obat Bebas Terbatas,Kaplet,BOX,100,200 Kaplet
ALTAMED GLOVE SIZE M,Alat Kesehatan,Pasang,BOX,50,50 Pasang
AMBROXOL 30MG IFI,Obat Keras,Tablet,BOX,100,200 Tablet
AMLODIPINE 5MG MERSI,Obat Keras,Tablet,BOX,100,200 Tablet
AMOSTERA 500MG,Obat Keras,Tablet,BOX,100,200 Tablet
AMOXICILLIN 500 MG ERITA,Obat Keras,Tablet,BOX,100,200 Tablet
ANDALAN PIL KB,Obat Keras,Strip,STRIP,28,2 Strip
BIDIUM,Obat Keras,Tablet,BOX,100,200 Tablet
BIMAFLOX 500MG,Obat Keras,Tablet,BOX,100,200 Tablet
BINTAMOX 500MG,Obat Keras,Tablet,BOX,100,200 Tablet
BIOPYRON KAPLET,Obat Bebas Terbatas,Kaplet,BOX,100,200 Kaplet
BROADAMOX 500MG,Obat Keras,Tablet,BOX,100,200 Tablet
BROXAL TAB 30MG,Obat Bebas Terbatas,Tablet,BOX,100,200 Tablet
BUFACARYL TAB,Obat Bebas Terbatas,Tablet,BOX,100,200 Tablet
BUFACIPRO BOX,Obat Keras,Tablet,BOX,100,200 Tablet
CALORTUSIN KAPLET,Obat Bebas Terbatas,Kaplet,BOX,100,200 Kaplet
CARBIDU 0.5MG,Obat Keras,Tablet,BOX,200,400 Tablet
CAZETIN DROP 15ML,Obat Keras,Botol,FLS,1,10 Botol
CEFADROXIL 500MG HXP,Obat Keras,Kapsul,STRIP,10,20 Kapsul
CEFADROXIL 500MG TAB MEPRO,Obat Keras,Kapsul,STRIP,10,20 Kapsul
CEFIXIME 200MG DEXA,Obat Keras,Kapsul,STRIP,10,20 Kapsul
CIPROFLOXACIN 500MG HXP,Obat Keras,Tablet,STRIP,10,20 Tablet
COLFIN SYR,Obat Bebas Terbatas,Botol,FLS,1,10 Botol
COLPICA,Obat Bebas Terbatas,Tablet,BOX,100,200 Tablet
COPARCETIN KAPLET,Obat Bebas Terbatas,Kaplet,BOX,100,200 Kaplet
COPARCETIN SYR,Obat Bebas Terbatas,Botol,FLS,1,10 Botol
CTM 4MG KLG TRIMAN,Obat Bebas Terbatas,Tablet,KLG,1000,1000 Tablet
CYCLOFEM INJ 0.5ML,Obat Keras,Vial,BOX,5,10 Vial
"DANASONE 0,5MG",Obat Keras,Tablet,BOX,200,400 Tablet
DEXTEEM PLUS 2,Obat Bebas Terbatas,Tablet,BOX,100,200 Tablet
DIONICOL 500MG,Obat Keras,Tablet,BOX,100,200 Tablet
DOBRIZOL 30 MG,Obat Keras,Kapsul,STRIP,10,20 Kapsul
ELOMOX CR 5GR,Obat Keras,Tube,TUBE,1,10 Tube
ELTAZON 5MG,Obat Keras,Tablet,BOX,100,200 Tablet
ERLADERM-N KRIM,Obat Keras,Tube,TUBE,1,10 Tube
ERLAMICETIN TM,Obat Keras,Botol,FLS,1,10 Botol
ERLAMICETIN TT,Obat Keras,Botol,FLS,1,10 Botol
"ETADEX 0,5MG 200'S",Obat Keras,Tablet,BOX,200,400 Tablet
ETAMOX 500MG,Obat Keras,Tablet,BOX,100,200 Tablet
ETAMOXUL SUSP,Obat Keras,Botol,FLS,1,10 Botol
FARMOTEN 25MG,Obat Keras,Tablet,BOX,100,200 Tablet
FAXIDEN 20MG,Obat Keras,Tablet,STRIP,10,20 Tablet
FENAREN 50MG,Obat Keras,Tablet,BOX,100,200 Tablet
FLOXIFAR 500MG,Obat Keras,Tablet,BOX,100,200 Tablet
FLUCADEX,Obat Bebas Terbatas,Tablet,BOX,100,200 Tablet
FLUTAMOL KAPLET,Obat Bebas Terbatas,Kaplet,BOX,100,200 Kaplet
FLUTOP-C SYR 60ML,Obat Bebas Terbatas,Botol,FLS,1,10 Botol
GASELA 150 MG,Obat Keras,Tablet,BOX,100,200 Tablet
GEN OINT SK,Obat Keras,Tube,TUBE,1,10 Tube
GENALTEN CR 5GR,Obat Keras,Tube,TUBE,1,10 Tube
GENTAMICIN CR BERNO 5GR 0.1%,Obat Keras,Tube,TUBE,1,10 Tube
GG TRIMAN KLG,Obat Bebas Terbatas,Tablet,KLG,1000,1000 Tablet
GINIFAR,Obat Keras,Tablet,BOX,100,200 Tablet
GLIBENCLAMIDE 5MG INF,Obat Keras,Tablet,BOX,100,200 Tablet
GLIMEPIRIDE 1MG DEXA,Obat Keras,Tablet,STRIP,10,20 Tablet
GLIMEPIRIDE 2 MG HXP,Obat Keras,Tablet,STRIP,10,20 Tablet
GLIMEPIRIDE 2MG DEXA,Obat Keras,Tablet,STRIP,10,20 Tablet
GLIMEPIRIDE 4MG DEXA,Obat Keras,Tablet,STRIP,10,20 Tablet
GRAFACHLOR,Obat Keras,Tablet,BOX,100,200 Tablet
GRAFALIN 2MG,Obat Keras,Tablet,BOX,100,200 Tablet
GRAFALIN 4MG,Obat Keras,Tablet,BOX,100,200 Tablet
GRAFAZOL 500MG,Obat Keras,Tablet,BOX,100,200 Tablet
GRANTUSIF,Obat Bebas Terbatas,Tablet,BOX,100,200 Tablet
GRATHAZONE 0.5MG,Obat Keras,Tablet,BOX,200,400 Tablet
HELIXIM 100MG DRY SYR,Obat Keras,Botol,FLS,1,10 Botol
HISTIGO KAPLET,Obat Keras,Kaplet,BOX,100,200 Kaplet
HUFADEXTA-M,Obat Bebas Terbatas,Tablet,BOX,100,200 Tablet
HUFADINE,Obat Keras,Tablet,BOX,100,200 Tablet
HUFADON SYR,Obat Bebas Terbatas,Botol,FLS,1,10 Botol
HUFANOXIL 500MG,Obat Keras,Tablet,BOX,100,200 Tablet
HUFRALGIN,Obat Bebas Terbatas,Tablet,BOX,100,200 Tablet
HYDROCOTISONE CR BERNO 5GR,Obat Keras,Tube,TUBE,1,10 Tube
IFARSYL KAPLET,Obat Bebas Terbatas,Kaplet,BOX,100,200 Kaplet
"IFIDEX 0,5MG KLG",Obat Keras,Tablet,KLG,1000,1000 Tablet
INAMID 2MG,Obat Keras,Tablet,BOX,100,200 Tablet
"KALMETHASONE 0,5MG",Obat Keras,Tablet,BOX,200,400 Tablet
KETOROLAC INJ MEPRO,Obat Keras,Ampul,AMP,1,20 Ampul
"LANADEXON KAP 0,5 MG",Obat Keras,Tablet,BOX,200,400 Tablet
LANSOPRAZOLE 30MG NULAB,Obat Keras,Kapsul,STRIP,10,20 Kapsul
LICODEXON 0.5MG,Obat Keras,Tablet,BOX,200,400 Tablet
LODECON FORTE,Obat Bebas Terbatas,Tablet,BOX,100,200 Tablet
LOSTACEF 125MG DRY SYR,Obat Keras,Botol,FLS,1,10 Botol
LOSTACEF 500MG,Obat Keras,Tablet,BOX,100,200 Tablet
"MELOXICAM 7,5 MG",Obat Keras,Tablet,STRIP,10,20 Tablet
METHYLPREDNISOLONE 4MG DEXA,Obat Keras,Tablet,STRIP,10,20 Tablet
MEXON KAP,Obat Keras,Kaplet,BOX,100,200 Kaplet
MICROGYNON LIBI 10'S,Obat Keras,Strip,STRIP,28,2 Strip
MILORIN 300 MG,Obat Keras,Tablet,BOX,100,200 Tablet
MIXALGIN TAB,Obat Bebas Terbatas,Tablet,BOX,100,200 Tablet
"MOLACORT 0,75MG",Obat Keras,Tablet,BOX,200,400 Tablet
NIFEDIPINE 10MG DEXA,Obat Keras,Tablet,BOX,100,200 Tablet
NORVOM SYR 60ML,Obat Bebas Terbatas,Botol,FLS,1,10 Botol
ORSADERM CR,Obat Keras,Tube,TUBE,1,10 Tube
PASABA COUGH & FLU SYR,Obat Bebas Terbatas,Botol,FLS,1,10 Botol
PIROCAM 20MG,Obat Keras,Tablet,STRIP,10,20 Tablet
PRODERMIS CR 5GR,Obat Keras,Tube,TUBE,1,10 Tube
RANCUS 150MG,Obat Keras,Tablet,BOX,100,200 Tablet
RANITIDINE 150MG HXP,Obat Keras,Tablet,BOX,100,200 Tablet
RECO TM,Obat Keras,Botol,FLS,1,10 Botol
RECO TT,Obat Keras,Botol,FLS,1,10 Botol
RHEFICAM 20MG,Obat Keras,Tablet,STRIP,10,20 Tablet
ROVERTON KAPLET,Obat Bebas Terbatas,Kaplet,BOX,100,200 Kaplet
ROVERTON SYR 60ML,Obat Bebas Terbatas,Botol,FLS,1,10 Botol
SALBUTAMOL 2MG FM,Obat Keras,Tablet,BOX,100,200 Tablet
SAMMOXIN DRY SY 60ML,Obat Keras,Botol,FLS,1,10 Botol
SAMQUINOR 500MG,Obat Keras,Tablet,BOX,100,200 Tablet
SELVIM 10MG,Obat Keras,Tablet,STRIP,10,20 Tablet
SIMVASTATIN 10MG MERSI,Obat Keras,Tablet,BOX,100,200 Tablet
SIMVASTATIN 20MG SAMPHARINDO,Obat Keras,Tablet,BOX,100,200 Tablet
SUCRALFATE SYR 100ML DEXA,Obat Keras,Botol,FLS,1,10 Botol
TEOSAL TABLET,Obat Keras,Tablet,BOX,100,200 Tablet
TRICLOFEM 150MG/ML INJ,Obat Keras,Vial,BOX,5,10 Vial
VESPERUM SYR 60ML,Obat Bebas Terbatas,Botol,FLS,1,10 Botol
VESPERUM TABLET,Obat Keras,Tablet,BOX,100,200 Tablet
VIBRAMOX 500MG,Obat Keras,Tablet,BOX,100,200 Tablet
WIROS 20MG,Obat Keras,Tablet,STRIP,10,20 Tablet
"XICORTA 0,5MG",Obat Keras,Tablet,BOX,200,400 Tablet
YEKAFLAM 50MG,Obat Keras,Tablet,BOX,100,200 Tablet
YUSIMOX 500 MG,Obat Keras,Tablet,BOX,100,200 Tablet
YUSIMOX DRY SYR 60ML,Obat Keras,Botol,FLS,1,10 Botol
ZEMOXIL 500MG,Obat Keras,Tablet,BOX,100,200 Tablet
ZEMOXIL DRY SYR 60ML,Obat Keras,Botol,FLS,1,10 Botol
ZENCLOVIR CREAM,Obat Keras,Tube,TUBE,1,10 Tube
